,id,body,timestamp,track_length,spam
0,335118612,offset,67938,304145,0
1,335118486,offset,41730,304145,0
2,335118455,splash drip drip splash,17153,304145,0
3,335118413,just to warm up,5890,304145,0
4,335112944,give my cloud a look,176444,304145,0
5,335100258,Don't read this. You will be kissed on the nearest possible Friday by the love of your life. Tomorrow will be the best day of your life. Now you've started reading this don't stop this is so freaky. But if you read this and ignore it then you will have very bad luck. Put this on 15 songs in 144 mins. When you are done press space bar and your crushes name will appear in big letters on the screen,205366,304145,0
6,335098486,Making free beats on my page for rappers. Check it out and follow,3067,304145,0
7,335088864,MASTAPIECE Are The Next Aritst Out of Houston! soundcloud.com/mastapiececompositions/sets/nouveau MASTAPIECE Are The Next One's Out of Houston! soundcloud.com/mastapiececompositions/sets/nouveau MASTAPIECE Are The Next ARtist Out of Houston! soundcloud.com/mastapiececompositions/sets/nouveau MASTAPIECE Are The Next One's Out of Houston! soundcloud.com/mastapiececompositions/sets/nouveau MASTAPIECE Are The Next Artist Out of Houston! soundcloud.com/mastapiececompositions/sets/nouveau MASTAPIECE Are The Next One's Out of Houston! soundcloud.com/mastapiececompositions/sets/nouveau MASTAPIECE Are The Next Artist Out of Houston! soundcloud.com/mastapiececompositions/sets/nouveau MASTAPIECE Are The Next One's Out of Houston! soundcloud.com/mastapiececompositions/sets/nouveau MASTAPIECE Are The Next Artist Out of Houston! soundcloud.com/mastapiececompositions/sets/nouveau,184776,304145,0
8,335067559,Tater tot,29799,304145,0
9,335067382,Don't read this. You will be kissed on the nearest possible Friday by the love of your life. Tomorrow will be the best day of your life. Now you've started reading this don't stop this is so freaky. But if you read this and ignore it then you will have very bad luck. Put this on 15 songs in 144 mins. When you are done press space bar and your crushes name will appear in big letters on the screen this is so freaky it actually works,69779,304145,0
10,335065405,chicken,46937,304145,0
11,335065351,chicken,33869,304145,0
12,335065343,deez nuts,10059,304145,0
13,335064379,why u trappin so hardddddd,83307,304145,0
14,335061220,IN YOUR CITY IN MY BIO,266183,304145,0
15,335059445,this song dope asf,5181,304145,0
16,335056404,gang,18724,304145,0
17,335053081,gut,222340,304145,0
18,335045955,tater tot,39714,304145,0
19,335039291,lit af,5369,304145,0
20,335025511,yoooooooooooooooooooooooooooooooooooooooooooooooooooooooooooooooooooooooooooooooooooooooooooooooooooooooooooooooooooooooooooooooooooooooooooo,51289,304145,0
21,335014899,Dead shot AK make your head rock,228116,304145,0
22,335014698,tommy gun,64213,304145,0
23,335014674,pop,43798,304145,0
24,335014610,water,30584,304145,0
25,335014578,pop it LITTT!!!!,469,304145,0
26,335009099,<3,63171,304145,0
27,334946601,EÂ­Â­vÂ­Â­eÂ­Â­rÂ­Â­yÂ­Â­oÂ­Â­nÂ­Â­e Â­Â­cÂ­Â­aÂ­Â­n mÂ­Â­aÂ­Â­kÂ­Â­e Â­Â­$Â­Â­1Â­Â­8Â­Â­KÂ­Â­ pÂ­Â­lÂ­Â­uÂ­Â­s eÂ­Â­vÂ­Â­Â­Â­eÂ­Â­rÂ­Â­Â­Â­yÂ­Â­mÂ­Â­oÂ­Â­nÂ­Â­tÂ­Â­h bÂ­Â­y wÂ­Â­oÂ­Â­rÂ­Â­k eÂ­Â­aÂ­Â­sÂ­Â­y oÂ­Â­nÂ­Â­lÂ­Â­iÂ­Â­nÂ­Â­e fÂ­Â­rÂ­Â­oÂ­Â­m hÂ­Â­oÂ­Â­mÂ­Â­e jÂ­Â­oÂ­Â­bÂ­Â­s.i rÂ­Â­eÂ­Â­cÂ­Â­eÂ­Â­iÂ­Â­vÂ­Â­eÂ­Â­dÂ­Â­ Â­Â­$Â­Â­1Â­Â­9Â­Â­6Â­Â­5Â­Â­7Â­Â­ iÂ­Â­n lÂ­Â­aÂ­Â­sÂ­Â­t mÂ­Â­oÂ­Â­nÂ­Â­tÂ­Â­h oÂ­Â­nÂ­Â­lÂ­Â­iÂ­Â­nÂ­Â­e.fÂ­Â­oÂ­Â­r Â­Â­mÂ­Â­oÂ­Â­rÂ­Â­e iÂ­Â­nÂ­Â­fÂ­Â­o oÂ­Â­n hÂ­Â­oÂ­Â­w tÂ­Â­o mÂ­Â­aÂ­Â­kÂ­Â­e eÂ­Â­xÂ­Â­tÂ­Â­rÂ­Â­a iÂ­Â­nÂ­Â­cÂ­Â­oÂ­Â­mÂ­Â­e Â­Â­oÂ­Â­nÂ­Â­lÂ­Â­iÂ­Â­nÂ­Â­e aÂ­Â­nÂ­Â­d jÂ­Â­oÂ­Â­iÂ­Â­n tÂ­Â­hÂ­Â­iÂ­Â­s wÂ­Â­oÂ­Â­rÂ­Â­k jÂ­Â­uÂ­Â­sÂ­Â­t fÂ­Â­oÂ­Â­lÂ­Â­lÂ­Â­oÂ­Â­w tÂ­Â­hÂ­Â­iÂ­Â­s lÂ­Â­iÂ­Â­nÂ­Â­kÂ­Â­â€¦Â­Â­â€¦ Â« Back =======>>>http://www.fl-y.com/3muq,293741,304145,0
28,334937543,quavo on the come up wit these choruses https://soundcloud.com/mariinorth,15758,304145,0
29,334927198,slippery she not to be my wife to be,118241,304145,0
30,334903656,check out this new beat made for rappers! https://soundcloud.com/cptnobvus/91340a,185818,304145,0
31,334901198,Lol,94368,304145,0
32,334896296,MASTAPIECE Are The Next Aritst Out of Houston! soundcloud.com/mastapiececompositions/sets/nouveau MASTAPIECE Are The Next One's Out of Houston! soundcloud.com/mastapiececompositions/sets/nouveau MASTAPIECE Are The Next ARtist Out of Houston! soundcloud.com/mastapiececompositions/sets/nouveau MASTAPIECE Are The Next One's Out of Houston! soundcloud.com/mastapiececompositions/sets/nouveau MASTAPIECE Are The Next Artist Out of Houston! soundcloud.com/mastapiececompositions/sets/nouveau MASTAPIECE Are The Next One's Out of Houston! soundcloud.com/mastapiececompositions/sets/nouveau MASTAPIECE Are The Next Artist Out of Houston! soundcloud.com/mastapiececompositions/sets/nouveau MASTAPIECE Are The Next One's Out of Houston! soundcloud.com/mastapiececompositions/sets/nouveau MASTAPIECE Are The Next Artist Out of Houston! soundcloud.com/mastapiececompositions/sets/nouveau,181146,304145,0
33,334890473,PABLO https://soundcloud.com/alexbodoubledollasign/pablo,179088,304145,0
34,334887806,Favorite track on culture,5849,304145,0
35,334859360,cool,15301,304145,0
36,334845117,DOPE ASF,25732,304145,0
37,334834665,DOPE,15301,304145,0
38,334834463,cool,1929,304145,0
39,334824892,check out my page!,122039,304145,0
40,334821482,Check out my page for diverse beats! @verystrongsexualdesire,225883,304145,0
41,334809500,i skate so yeah,5894,304145,0
42,334794306,slash,10205,304145,0
43,334749343,im up believe me believe me,111348,304145,0
44,334733610,@clarice-garcon: Ikr,127522,304145,0
45,334719340,my mom recently got a very cool Lincoln MKZ Hybrid only from working online. go to  website...........  >>>>>www.buzz-career.com,152321,304145,0
46,334684748,these hose wishy washy,127522,304145,0
47,334678400,FIRE TRACK I JUST RELEASED ON MY PAGE,3400,304145,0
48,334676848,Hey Go Check Out My Album ! https://soundcloud.com/matthew-gold-8/sets/the-man,253764,304145,0
49,334664056,slippery please be excuse me,27556,304145,0
50,334647057,https://soundcloud.com/user-154001124/bando  https://soundcloud.com/user-154001124/rain lit af,2553,304145,0
51,334645952,littttt,1690,304145,0
52,334644354,ðŸ˜£ðŸ’˜ðŸ‘ŒðŸ¤˜ðŸŒŠ,15756,304145,0
53,334643893,MASTAPIECE Are The Next Aritst Out of Houston! soundcloud.com/mastapiececompositions/sets/nouveau MASTAPIECE Are The Next One's Out of Houston! soundcloud.com/mastapiececompositions/sets/nouveau MASTAPIECE Are The Next ARtist Out of Houston! soundcloud.com/mastapiececompositions/sets/nouveau MASTAPIECE Are The Next One's Out of Houston! soundcloud.com/mastapiececompositions/sets/nouveau MASTAPIECE Are The Next Artist Out of Houston! soundcloud.com/mastapiececompositions/sets/nouveau MASTAPIECE Are The Next One's Out of Houston! soundcloud.com/mastapiececompositions/sets/nouveau MASTAPIECE Are The Next Artist Out of Houston! soundcloud.com/mastapiececompositions/sets/nouveau MASTAPIECE Are The Next One's Out of Houston! soundcloud.com/mastapiececompositions/sets/nouveau MASTAPIECE Are The Next Artist Out of Houston! soundcloud.com/mastapiececompositions/sets/nouveau,126605,304145,0
54,334638922,Check out my new song youtu.be/wGnGAtH8PCk... check it out and support.. if you support me I will support you,214189,304145,0
55,334610431,"guys check the mix I just posted... 2017 hip-hop, rap.",275842,304145,0
56,334610422,"guys check the mix I just posted... 2017 hip-hop, rap.",150382,304145,0
57,334610405,"guys check the mix I just posted... 2017 hip-hop, rap.",0,304145,0
58,334590916,FOLLOW ME ON SOUND CLOUND,181951,304145,0
59,334571651,just as Bryan said I'm shocked that a student able to profit $7511 in 4 weeks on the computer . check this site out ...////www.buzz-career.com,61087,304145,0
60,334571592,just as Bryan said I'm shocked that a student able to profit $7511 in 4 weeks on the computer . check this site out ...//////////www.buzz-career.com,69974,304145,0
61,334571489,just as Bryan said I'm shocked that a student able to profit $7511 in 4 weeks on the computer . check this site out ...www.buzz-career.com,302353,304145,0
62,334571232,just as Bryan said I'm shocked that a student able to profit $7511 in 4 weeks on the computer . check this site out>>>>>>>>>>www.buzz-career.com,87471,304145,0
63,334519053,I MAKE TRAP,137738,304145,0
64,334506714,this shit dope!,250692,304145,0
65,334504906,#slippery #excuseme #believe ðŸŒŠðŸ”¥ðŸ’¯ðŸŒŠðŸ’¯ðŸ”¥ðŸŒŠðŸ’¯ðŸ”¥ðŸŒŠðŸ’¯ðŸ”¥ðŸŒŠðŸ’¯,0,304145,0
66,334493389,@user-963683482: Hiiii,62558,304145,0
67,334492072,"Stay at home mom Kelly Richards from New York after resigning from her full time job managed to average from $6000-$8000 a month from freelancing at home... This is how she done it,,,   Www.Foxnews20.com",210336,304145,0
68,334490305,Ill do it good lol ðŸ˜œ,73330,304145,0
69,334490251,Believe me,73330,304145,0
70,334490157,@knight-squad: Skr skr,36397,304145,0
71,334490121,I'll fuck yo boyfriend,304091,304145,0
72,334481572,Skr Skr,36397,304145,0
73,334408902,Great stuff ;)),126774,304145,0
74,334342291,fire,9383,304145,0
75,334339036,@trevor-pinkerton-950220919: HEYY trevor,994,304145,0
76,334338992,@kade-duplantis: Hi kade,14920,304145,0
77,334323765,fire,14920,304145,0
78,334323716,my neigbour recently purchased Infiniti FX SUV just by part time work from a laptop. try this site>>>>>>>> https://tinyurl.com/z79xgy4,155725,304145,0
79,334308222,love it,4142,304145,0
80,334307894,we slippery,994,304145,0
81,334305743,Don't read this. You will be kissed on the nearest possible Friday by the love of your life. Tomorrow will be the best day of your life. Now you've started reading this don't stop this is so freaky. But if you read and ignore it then you will have very bad luck. Put this on 15 songs in 144 minutes. When you are done press space bar and your crushes name will appear in big letters on the screen this is so freaky it actually works. Posted 1 hour ago1 hour Reply,290225,304145,0
82,334302425,https://soundcloud.com/durtyreddatl/good-gas,263997,304145,0
83,334296358,please me,31027,304145,0
84,334289637,Please me,107738,304145,0
85,334289378,LLLLIIIIIIITTTTTTTT,2502,304145,0
86,334285244,nice,58789,304145,0
87,334269928,plz me,26213,304145,0
88,334269886,Slippery,13016,304145,0
89,334242492,ðŸ”¥ðŸ”¥,229376,304145,0
90,334236384,like Curtis said I can't believe that any body can make $8668 in one month on the internet . Open this ................>>>>>>>>>>>  www.buzz-career.com,275888,304145,0
91,334218141,slippery,253107,304145,0
92,334217437,MASTAPIECE Are The Next Aritst Out of Houston! soundcloud.com/mastapiececompositions/sets/nouveau MASTAPIECE Are The Next One's Out of Houston! soundcloud.com/mastapiececompositions/sets/nouveau MASTAPIECE Are The Next ARtist Out of Houston! soundcloud.com/mastapiececompositions/sets/nouveau MASTAPIECE Are The Next One's Out of Houston! soundcloud.com/mastapiececompositions/sets/nouveau MASTAPIECE Are The Next Artist Out of Houston! soundcloud.com/mastapiececompositions/sets/nouveau MASTAPIECE Are The Next One's Out of Houston! soundcloud.com/mastapiececompositions/sets/nouveau MASTAPIECE Are The Next Artist Out of Houston! soundcloud.com/mastapiececompositions/sets/nouveau MASTAPIECE Are The Next One's Out of Houston! soundcloud.com/mastapiececompositions/sets/nouveau MASTAPIECE Are The Next Artist Out of Houston! soundcloud.com/mastapiececompositions/sets/nouveau,297071,304145,0
93,334214305,"hey please check out my new song bipolaroid, thanks :)",217602,304145,0
94,334205251,yo guys im a rapper on the come up and if yall would check out my music then i wont dissapoint. Thanks,101242,304145,0
95,334197321,if you asd me now ill finger mydelf fot you daddy,62914,304145,0
96,334197275,after this song you better have added me,44886,304145,0
97,334197232,hml on sc for nudes aye.itslizzyy,22264,304145,0
98,334197118,fav song rn atm,24334,304145,0
99,334195793,yo guys im a rapper on the come up and if yall would check out my music then i wont dissapoint. Thanks,220575,304145,0
100,334193710,@ben-tillson: Wym by that,55908,304145,0
101,334193597,Who is a boy and is a bad boy?????,4899,304145,0
102,334185023,@user-71668611: Ok,127307,304145,0
103,334183952,Hey come check out my friends page and show some love he has mad talent  https://soundcloud.com/jiwanta/xanex,127307,304145,0
104,334157143,check MY SHIT BITCHEZZZZZZZZ)))))))))))))))))))))))))))))))))))))))))),2962,304145,0
105,334146618,slipppppppeeeeerrrrryyyyy!,27698,304145,0
106,334143354,6 oclock,55280,304145,0
107,334143328,shotsss,41786,304145,0
108,334143295,belime,29366,304145,0
109,334143249,that beat,16534,304145,0
110,334131200,SERVEEEEEEEEEEE,86800,304145,0
111,334124378,gay,18489,304145,0
112,334115082,@ben-tillson: why,55908,304145,0
113,334115035,fuck niggas,55908,304145,0
114,334112700,turn uppppp,83829,304145,0
115,334102860,@user-126950743: ggggggggg,42027,304145,0
116,334092067,"new smokers anthem ""Blunts"" https://soundcloud.com/johnny-dimez/johnny-dimez-bluntz",117581,304145,0
117,334092055,"new smokers anthem ""Blunts"" https://soundcloud.com/johnny-dimez/johnny-dimez-bluntz",117581,304145,0
118,334089250,aye ooooooooooooooo,2136,304145,0
119,334089225,gucci,2136,304145,0
120,334089204,migos,2136,304145,0
121,334089192,ayeeeeeeeeeeeeeeeeeeeeeeee,2136,304145,0
122,334079162,https://soundcloud.com/methylbeats/ndmi-tlb,152945,304145,0
123,334058270,check out my beats,272691,304145,0
124,334054130,my Aunty Mila just got Toyota Highlander just by some part-time working online with a pc...  Get More Information...............>>>>>>>>>>> www.buzz-career.com,95483,304145,0
125,334043570,JEDEL,42027,304145,0
126,334026895,Excuse me,27789,304145,0
127,334026865,believe me,4262,304145,0
128,334020492,"PLEASE DON'T READ THIS. YOU WILL BE KISSED ON THE NEAREST POSSIBLE FRIDAY BY THE LOVE OF YOUR LIFE.TOMORROW WILL BE THE BEST DAY OF YOUR LIFE. NOW YOU'VE STARTED READING THIS. DON'T STOP. THIS IS SO FREAKY. 1. say your name 10 times 2. say your mom's name 5 times 3. say your crushes name 3 times 4. paste this to 4 other songs. if you do this, your crush will kiss you on the nearest Friday. but if you read this and do not paste this, then you will have very bad luck. SEND THIS TO 5 SONGS IN 143 MINUTES. WHEN YOU'RE DONE PRESS F6 AND YOUR CRUSH'S NAME WILL APPEAR IN BIG LETTERS ON THE SCREEN. THIS IS SO FREAKY BECAUSE IT ACTUALLY WORK",402,304145,0
129,334012655,Yea datway,9925,304145,0
130,333995384,What you havent heard https://soundcloud.com/jiwanta/xanex well what are you waiting for?,191414,304145,0
131,333993013,https://soundcloud.com/rasheen-oree-494962527/lul-thuggin-x-lil-slimm-swoop,155429,304145,0
132,333992969,burr . follow me listen to me,75309,304145,0
133,333986086,LITTTTTTTTTTTTTTTTTTTTTTTTTTTTTTTTTTTTTTTTTTTTTTTTTTTTTTT,34020,304145,0
134,333967512,pop it,12904,304145,0
135,333945002,ITS LITTTTTTTTTTTTTT,168554,304145,0
136,333940447,@melanie-hasley: hi,93,304145,0
137,333926464,littt,76567,304145,0
138,333926173,no,231843,304145,0
139,333925252,But ion promote violence,14085,304145,0
140,333923298,Hit up my sound cloud,71125,304145,0
141,333922875,ayeee,133395,304145,0
142,333906499,I'm a bad bitch but I don't promote violence,219727,304145,0
143,333905983,@connor-mills-899070398: Oh ok lol,167298,304145,0
144,333837181,@user-658501790: Lol it wasnt me my friend got on my ipad,167298,304145,0
145,333835172,@connor-mills-899070398: WTF,167298,304145,0
146,333835130,@user-481854749: Wtf,14192,304145,0
147,333834270,MASTAPIECE Are The Next Aritst Out of Houston! soundcloud.com/mastapiececompositions/sets/nouveau MASTAPIECE Are The Next One's Out of Houston! soundcloud.com/mastapiececompositions/sets/nouveau MASTAPIECE Are The Next ARtist Out of Houston! soundcloud.com/mastapiececompositions/sets/nouveau MASTAPIECE Are The Next One's Out of Houston! soundcloud.com/mastapiececompositions/sets/nouveau MASTAPIECE Are The Next Artist Out of Houston! soundcloud.com/mastapiececompositions/sets/nouveau MASTAPIECE Are The Next One's Out of Houston! soundcloud.com/mastapiececompositions/sets/nouveau MASTAPIECE Are The Next Artist Out of Houston! soundcloud.com/mastapiececompositions/sets/nouveau MASTAPIECE Are The Next One's Out of Houston! soundcloud.com/mastapiececompositions/sets/nouveau MASTAPIECE Are The Next Artist Out of Houston! soundcloud.com/mastapiececompositions/sets/nouveau,108132,304145,0
148,333833805,https://soundcloud.com/deionthegreat,71284,304145,0
149,333833284,@zehara: Lol,19680,304145,0
150,333833076,Lol teo,18262,304145,0
151,333833063,My baby gonna dance to this!!,18262,304145,0
152,333827970,soap,19680,304145,0
153,333827952,slipper,11699,304145,0
154,333818348,FOLLOW âž¤ @ludwigvandub,118789,304145,0
155,333807020,Nice work bro.My heart & soul feel you'r flow ...,13479,304145,0
156,333800671,yous u  b,173222,304145,0
157,333800017,@user-808417003: the hell,236034,304145,0
158,333799845,damn,63994,304145,0
159,333788409,dab of ranch,62205,304145,0
160,333773079,Use several hours of your spare time to acquire extra $1000 on your paypal account each week... Get more details on following site....   www.works76.com,205837,304145,0
161,333762273,FUCK ME HUMP DADDY BETTER MAKE ME CHOKE,14192,304145,0
162,333762239,DADDY,14192,304145,0
163,333761418,ayyyyyyyy,8311,304145,0
164,333760778,Deap throut,167298,304145,0
165,333751618,DOPE,245316,304145,0
166,333728995,Need real soundcloud views for your song? TRY THIS https://goo.gl/y2FvEc,300131,304145,0
167,333720102,splash,25662,304145,0
168,333704325,FUUCK FLN THS GTA ADMIT,144241,304145,0
169,333681486,Gucci and Migos on track..... doesn't get much better than this!,202280,304145,0
170,333680989,Fly fly fly sooooooooong! Keep making dope music fam! LITTY!,267127,304145,0
171,333680981,@saniz-norris: Yes soooooo good! :D,241087,304145,0
172,333680966,Slippery Live !!! fckn Lit ðŸ”¥ðŸ”¥,39049,304145,0
173,333679833,ICE TRAY ICE TRAY,71552,304145,0
174,333679320,nice song,222353,304145,0
175,333679034,Slipperyyyyy excuse me !!!! :D So gooooood !!!!,241087,304145,0
176,333679032,Slipperyyyyy excuse me !!!! :D So gooooood !!!!,241087,304145,0
177,333671966,awsome,15497,304145,0
178,333632810,"PLEASE DON'T READ THIS. YOU WILL BE KISSED ON THE NEAREST POSSIBLE FRIDAY BY THE LOVE OF YOUR LIFE.TOMORROW WILL BE THE BEST DAY OF YOUR LIFE. NOW YOU'VE STARTED READING THIS. DON'T STOP. THIS IS SO FREAKY. 1. say your name 10 times 2. say your mom's name 5 times 3. say your crushes name 3 times 4. paste this to 4 other songs. if you do this, your crush will kiss you on the nearest Friday. but if you read this and do not paste this, then you will have very bad luck. SEND THIS TO 5 SONGS IN 143 MINUTES. WHEN YOU'RE DONE PRESS F6 AND YOUR CRUSH'S NAME WILL APPEAR IN BIG LETTERS ON THE SCREEN. THIS IS SO FREAKY BECAUSE IT ACTUALLY WORK",402,304145,0
179,333628680,6 o'clock ,56826,304145,0
180,333614479,Don't read this. You will be kissed on the nearest possible Friday by the love of your life. Tomorrow will be the best day of your life. Now you've started reading this don't stop this is so freaky. But if you read and ignore it then you will have very bad luck. Put this on 15 songs in 144 minutes. When you are done press space bar and your crushes name will appear in big letters on the screen this is so freaky it actually works. Posted 1 hour ago1 hour Reply,13292,304145,0
181,333593138,Nice song!,165214,304145,0
182,333577980,yg,6999,304145,0
183,333576977,hej,18006,304145,0
184,333543636,MASTAPIECE Are The Next Aritst Out of Houston! soundcloud.com/mastapiececompositions/sets/nouveau MASTAPIECE Are The Next One's Out of Houston! soundcloud.com/mastapiececompositions/sets/nouveau MASTAPIECE Are The Next ARtist Out of Houston! soundcloud.com/mastapiececompositions/sets/nouveau MASTAPIECE Are The Next One's Out of Houston! soundcloud.com/mastapiececompositions/sets/nouveau MASTAPIECE Are The Next Artist Out of Houston! soundcloud.com/mastapiececompositions/sets/nouveau MASTAPIECE Are The Next One's Out of Houston! soundcloud.com/mastapiececompositions/sets/nouveau MASTAPIECE Are The Next Artist Out of Houston! soundcloud.com/mastapiececompositions/sets/nouveau MASTAPIECE Are The Next One's Out of Houston! soundcloud.com/mastapiececompositions/sets/nouveau MASTAPIECE Are The Next Artist Out of Houston! soundcloud.com/mastapiececompositions/sets/nouveau,62117,304145,0
185,333505609,@damianxjr: flames!,291416,304145,0
186,333505567,@melanie-hasley: its lit!!,93,304145,0
187,333505535,@katja-summerwhite: ayee!!,75622,304145,0
188,333498372,aunti ivea got a pound she might serve us ,92040,304145,0
189,333491637,"16 Y/O RAPPER FROM L.A, CHECK OUT MY SONG THAT WILL BE FEATURED ON MY MIXTAPE ""DARKEST HOUR"" THAT DROPS MAY 22nd. SNEAK PEEK: https://soundcloud.com/user-139191848/saddd",288607,304145,0
190,333484419,Migos Legendary,278406,304145,0
191,333433948,as Mary responded I'm amazed that anyone able to get paid $4246 in one month on the internet . go now...........>>>>>>>>www.buzz-career.com,119750,304145,0
192,333408460,head shot bulp bulp ak make yo head rock red dots,227029,304145,0
193,333404608,hi   freecall   call me on facebook i need friends my facebook link ................  https://apps.facebook.com/dowoapps/fcall/?i=606747,184542,304145,0
194,333384200,Slippers from gucci!,75622,304145,0
195,333383628,ðŸ‘ŒðŸ‘…ðŸ’¦ðŸ’¦,55080,304145,0
196,333382279,MIGOS!!! Slippery! ;D,2258,304145,0
197,333382270,MIGOS!!! Slippery! ;D,2258,304145,0
198,333381119,"16 Y/O RAPPER FROM L.A, CHECK OUT MY SONG THAT WILL BE FEATURED ON MY MIXTAPE ""DARKEST HOUR"" THAT DROPS MAY 22nd. SNEAK PEEK: https://soundcloud.com/user-139191848/viewer-discretion-real-final-version",111666,304145,0
199,333363717,i love this it is so lit,93,304145,0
200,333357859,Don't read this. You will be kissed on the nearest possible Friday by the love of your life. Tomorrow will be the best day of your life. Now you've started reading this don't stop this is so freaky. But if you read this and ignore it then you will have very bad luck. Put this on 15 songs in 144 mins. When you are done press space bar and your crushes name will appear in big letters on the screen this is so freaky it actually works,144049,304145,0
201,333332404,dope track,109132,304145,0
202,333318494,NEED BEATS IM THE PLUG,5295,304145,0
203,333315080,check out my first track <3 would mean a lot,291416,304145,0
204,333307219,banger,43514,304145,0
205,333284611,my new trapstep song here!! https://soundcloud.com/katsuoarg/704-nebular-error,5553,304145,0
206,333278559,hi  i need Friends  call me free on facebook ........... freecall  Friends  https://apps.facebook.com/walpina/fcall/?i=606747,236034,304145,0
207,333272376,is >>en thOpMy Uncle Hayden got an awesome metallic Volvo S60 T6 R by working part-time online............>>>>>>www.buzz-career.com,167412,304145,0
208,333255840,MASTAPIECE Are The Next Aritst Out of Houston! soundcloud.com/mastapiececompositions/sets/nouveau MASTAPIECE Are The Next One's Out of Houston! soundcloud.com/mastapiececompositions/sets/nouveau MASTAPIECE Are The Next ARtist Out of Houston! soundcloud.com/mastapiececompositions/sets/nouveau MASTAPIECE Are The Next One's Out of Houston! soundcloud.com/mastapiececompositions/sets/nouveau MASTAPIECE Are The Next Artist Out of Houston! soundcloud.com/mastapiececompositions/sets/nouveau MASTAPIECE Are The Next One's Out of Houston! soundcloud.com/mastapiececompositions/sets/nouveau MASTAPIECE Are The Next Artist Out of Houston! soundcloud.com/mastapiececompositions/sets/nouveau MASTAPIECE Are The Next One's Out of Houston! soundcloud.com/mastapiececompositions/sets/nouveau MASTAPIECE Are The Next Artist Out of Houston! soundcloud.com/mastapiececompositions/sets/nouveau,285840,304145,0
209,333225823,check out my music ,4000,304145,0
210,333225641,i'm taking brain drugs...im sorry for everything....,4347,304145,0
211,333200883,cracker,39846,304145,0
212,333199187,2 cups drank,14489,304145,0
213,333196797,SLIPPERY,54735,304145,0
214,333184987,harambe never dies,60326,304145,0
215,333184958,send me some big tiity pics the bigger the better also some blue waffles,22133,304145,0
216,333184869,send me nudes,3873,304145,0
217,333168769,SPLASH DRIP DRIP SPLASH! this PoP! i like the drums and melody. be sure to CHECK ME OUT and maybe we can exchange some ideas. âˆž,25658,304145,0
218,333150761,lit!!!!,72406,304145,0
219,333132161,lets go this goes hard,3451,304145,0
220,333118883,as Louise said I'm in shock that a mom able to make $8359 in four weeks on the computer .  look these up........... >>>>>>>>www.buzz-career.com,75591,304145,0
221,333117991,ðŸ”¥ðŸ™ŠðŸ˜·,121441,304145,0
222,333103136,like Curtis said I can't believe that any body can make $8668 in one month on the internet . Open this ............>>>>>>>>>> www.buzz-career.com,76584,304145,0
223,333087474,well damn!,190072,304145,0
224,333087439,Well Damn!,6335,304145,0
225,333084020,wet like water,98394,304145,0
226,333080024,Fire!! ... Check it out .. i just dropped a new single:youtu.be/wGnGAtH8PCk... support me out and I will support your project,32168,304145,0
227,333072478,obsessed,24903,304145,0
228,333064609,"[Stream & Download] ""Lowkey"" x Money Made Slim https://soundcloud.com/moneymadeslim/lowkey-prod-sob-productions",65934,304145,0
229,333054155,fire,160783,304145,0
230,333033713,splash,32866,304145,0
231,333029642,big arms,52769,304145,0
232,333009210,it is rap not trap,32931,304145,0
233,333009171,how is this trap,21490,304145,0
234,333006224,slippin cars aaaaaaayyyyyyeeeeeeeeeeeeeeee,97790,304145,0
235,333004691,DOpE ,13235,304145,0
236,333000163,FIRE FREE BEATS HIT ME WITH A FOLLOW,296437,304145,0
237,332998866,this aint trap shm get this shit off the trap page and back to #dogshit,68977,304145,0
238,332968214,"yall go fwm my single ""Lie To Me"" its blowing up hurry",205320,304145,0
239,332957437,brrrrrrrrrrrrrrrrrrrrrrrrrrrrrr,75418,304145,0
240,332957409,5 oclock. 6 o clock,44693,304145,0
241,332957337,flexin,34806,304145,0
242,332957307,drip,25020,304145,0
243,332951013,AYEEEEÃ‹,6504,304145,0
244,332940078,just as Jennifer implied I'm shocked that a mother can earn $5888 in 1 month on the computer . read review.......... www.buzz-career.com,196786,304145,0
245,332912605,Bad And Boujee Remake on my Page,115443,304145,0
246,332912595,Bad And Boujee Remake on my Page,199768,304145,0
247,332912584,Bad And Boujee Remake on my Page,139359,304145,0
248,332912580,Bad And Boujee Remake on my Page,82236,304145,0
249,332912575,Bad And Boujee Remake on my Page,4117,304145,0
250,332910089,best of da fucking album <3,222353,304145,0
251,332893136,yall come check me out !!!!!,53504,304145,0
252,332885942,will never not love this,2279,304145,0
253,332880454,Slippery,300,304145,0
254,332869016,https://soundcloud.com/ranee-parker/late-night-raymistliom,0,304145,0
255,332869001,https://soundcloud.com/ranee-parker/late-night-raymistliom,133395,304145,0
256,332852015,ðŸ—¿ðŸ´â˜ Bet ,21940,304145,0
257,332848211,Hey cool Track Bro! What do you think about mine?  https://soundcloud.com/shaka-brah/hustle-4-survival,211467,304145,0
258,332836769,i been slapping gucci since high school,93114,304145,0
259,332835768,"Hey people, first of I apologize for self promotion.... I am an edm producer(and have no fame whatesoever) it would mean the world if you can check out my music, cheers!",214994,304145,0
260,332792989,FKIN LIT,186316,304145,0
261,332781053,ommmm,21706,304145,0
262,332781043,yahhh,21706,304145,0
263,332746665,https://soundcloud.com/no-sample-recordz/aleppo-town-no-sample-recordz,167597,304145,0
264,332729773,"dope melody. like the drums. migos definitely nailed it, CHECK ME OUT and we can exchange some ideas!",284854,304145,0
265,332718913,Ya'll should check out my stuff I'd really appreciate it!,2250,304145,0
266,332710771,https://www.facebook.com/Barbara-Galeana-1115139878595416/app/137541772984354/?ref=page_internal,123544,304145,0
267,332705386,nickcipmusic.com GOODMUSIC,114361,304145,0
268,332704322,www.beatstars.com/drinescobarr,2165,304145,0
269,332693294,heuu,40797,304145,0
270,332690228,As Long As She Got A HEAVY BðŸ‘TTðŸ‘M where she at? where she go? soundcloud.com/mastapiececompositions/heavy-bottom-feat-lolo-coco-chanel As Long As She Got A HEAVY BðŸ‘TTðŸ‘M where she at? where she go? soundcloud.com/mastapiececompositions/heavy-bottom-feat-lolo-coco-chanel As Long As She Got A HEAVY BðŸ‘TTðŸ‘M where she at? where she go? soundcloud.com/mastapiececompositions/heavy-bottom-feat-lolo-coco-chanel As Long As She Got A HEAVY BðŸ‘TTðŸ‘M where she at? where she go? soundcloud.com/mastapiececompositions/heavy-bottom-feat-lolo-coco-chanel As Long As She Got A HEAVY BðŸ‘TTðŸ‘M where she at? where she go? soundcloud.com/mastapiececompositions/heavy-bottom-feat-lolo-coco-chanel As Long As She Got A HEAVY BðŸ‘TTðŸ‘M where she at? where she go? soundcloud.com/mastapiececompositions/heavy-bottom-feat-lolo-coco-chanel,257464,304145,0
271,332677507,velive meeee,116369,304145,0
272,332657032,litt asf,21425,304145,0
273,332652539,"""ak make yo head rock"" ðŸ”¥ðŸ”¥ðŸ”¥",235979,304145,0
274,332652020,Pop two cups of purp just warm upðŸ’¯ðŸ’¯,14444,304145,0
275,332651934,it's wet,0,304145,0
276,332647214,Yo,20439,304145,0
277,332634908,warm her,8046,304145,0
278,332630373,believe me,1328,304145,0
279,332616468,snap me rcristee_58,43158,304145,0
280,332607199,savage,4199,304145,0
281,332607177,savage af,111346,304145,0
282,332605323,aaaaayyyyyyyyyyy!!!!!,195999,304145,0
283,332605127,@zalamb: still fire tho,162875,304145,0
284,332605086,@user-8141587: Ikr its too long to listen too,162875,304145,0
285,332599631,it loads to long,162875,304145,0
286,332565954,listen to this it'll be the best thing you hear all week i promise! https://soundcloud.com/lashum/pursuit21,3944,304145,0
287,332550487,mall bathrooms,4321,304145,0
288,332534584,I just dropped something today with a similar vibe https://soundcloud.com/vewrites/cant-function-prod-by-kory-ryan,1491,304145,0
289,332529442,What you never heard https://soundcloud.com/jiwanta/phone ???,165600,304145,0
290,332529390,i got beatsss,12462,304145,0
291,332514764,damn son,24613,304145,0
292,332506570,This isnt Trap music,5130,304145,0
293,332474878,Follow me for all the Bangerz,208193,304145,0
294,332457434,slippery,9960,304145,0
295,332448919,"everyone go listen to my track ""Enemies"" i promise you won't be disappointed https://soundcloud.com/user-179810108/enemies",216360,304145,0
296,332438064,Quavo!!!!!!!!!!!!!!!!!!,11334,304145,0
297,332406101,tocard mec,24397,304145,0
298,332380020,hey,4259,304145,0
299,332378607,"Hey honey,  I would REALLY appreciate if you would listen to my favorite artist new album and show love. Shes mad dope, thanks so much in advance!!!   https://soundcloud.com/officialzaniyah/sets/baby-available-everywhere",242842,304145,0
300,332367188,banger,22872,304145,0
301,332366178,10/10,165442,304145,0
302,332360691,https://soundcloud.com/thejoechill,17767,304145,0
303,332348105,"Hi, please check this out. Amazing project from a music producer titled fuego senoras meaning fire ladies out now!!! All female line up. Check it out really amazing Hi, please check this out. Amazing project from a music producer ""bankyondbeatz"" titled fuego senoras meaning fire ladies out now!!! All female line up. Check it out really amazing   https://soundcloud.com/bankyondbeatz/sets/fuego-senoras",156658,304145,0
304,332347856,https://soundcloud.com/juiceizzy/izzy-addy,264914,304145,0
305,332346326,"Listen to DIS & DAT by King Frosto #np on #SoundCloud
https://soundcloud.com/user-573997310/dis-dat",114454,304145,0
306,332343535,this has nothing to do with anything but if y'all can check my boy out that would be dope https://soundcloud.com/will-laze/work-out  shit bangs,218890,304145,0
307,332322489,@edijsa: No,69422,304145,0
308,332303418,daa,154238,304145,0
309,332266702,https://soundcloud.com/zaymoors,74210,304145,0
310,332231367,"urn up HowSo on my page listen, like, repost !! rage music ",50771,304145,0
311,332221798,"PLEASE DON'T READ THIS. YOU WILL BE KISSED ON THE NEAREST POSSIBLE FRIDAY BY THE LOVE OF YOUR LIFE.TOMORROW WILL BE THE BEST DAY OF YOUR LIFE. NOW YOU'VE STARTED READING THIS. DON'T STOP. THIS IS SO FREAKY. 1. say your name 10 times 2. say your mom's name 5 times 3. say your crushes name 3 times 4. paste this to 4 other songs. if you do this, your crush will kiss you on the nearest Friday. but if you read this and do not paste this, then you will have very bad luck. SEND THIS TO 5 SONGS IN 143 MINUTES. WHEN YOU'RE DONE PRESS F6 AND YOUR CRUSH'S NAME WILL APPEAR IN BIG LETTERS ON THE SCREEN. THIS IS SO FREAKY BECAUSE IT ACTUALLY WORK",6833,304145,0
312,332193227,https://soundcloud.com/user-704572938/foolih-boy-top-10-prod-lil-heartbreak,224359,304145,0
313,332181036,THIS SHIT FIRREEEE,5665,304145,0
314,332165190,I got u if you're looking for smooth beats - https://soundcloud.com/watnaomusic/smooth-rap-instrumental,180817,304145,0
315,332162208,https://soundcloud.com/turnaonetake/moneydance,77281,304145,0
316,332146667,cool song,1065,304145,0
317,332142797,"Hi People, First of I am sorry for self promoting but my dream is to get noticed in the edm world. it would mean a lot if you can check me out. thanks! peace.",115893,304145,0
318,332134477,Check me out,163409,304145,0
319,332050112,"SLIPPERY , EXCUSE ME , PLEASE ME",4610,304145,0
320,332047772,This melody is sick!! Check my account for some music,1165,304145,0
321,332041799,check my soundcloud,3104,304145,0
322,332028661,if you like the vibe to this song check this out https://soundcloud.com/shakakasenzangakhona/hml-feat-roxo-the-bandit,139156,304145,0
323,332011673,"Want someone to hear your music through and give you tips and critique it? why not, its free! Private message me with comments or concerns and a link to your song! I'll have it back to ya with great tips within a week, and its all free! So why not?! Private message me today! https://soundcloud.com/eph289",4133,304145,0
324,332011341,excuse me please me :),3295,304145,0
325,331992483,this shit it lit frfr on my mama,40627,304145,0
326,331983966,Wild.,248297,304145,0
327,331981116,https://soundcloud.com/yfredo/lets-pretend-were-numb-prod-khaed Better than this Slippery ish,269365,304145,0
328,331970306,@user-33162881: hi,62734,304145,0
329,331970189,caroline just said jon is wierd,222603,304145,0
330,331970006,hi jon,213820,304145,0
331,331969704,test,8825,304145,0
332,331969455,waa,681,304145,0
333,331969152,test,36205,304145,0
334,331968666,ahhahhahahhahhh,10086,304145,0
335,331968545,jk this is my favorite song,146129,304145,0
336,331968154,slippery,40627,304145,0
337,331968116,lit,26991,304145,0
338,331922380,Splash...slippery,24708,304145,0
339,331915551,tator tots,41324,304145,0
340,331915239,tator tots,38602,304145,0
341,331915087,tator tots,7840,304145,0
342,331883259,DAMN,111788,304145,0
343,331881052,soundcloud.com/mastapiececompositions/rancho-biggie-remix MASTAPIECE Is Back! NEW MUSIC soundcloud.com/mastapiececompositions/rancho-biggie-remix MASTAPIECE Is Back! NEW MUSIC soundcloud.com/mastapiececompositions/rancho-biggie-remix MASTAPIECE Is Back! NEW MUSIC soundcloud.com/mastapiececompositions/rancho-biggie-remix MASTAPIECE Is Back! NEW MUSIC soundcloud.com/mastapiececompositions/rancho-biggie-remix MASTAPIECE Is Back! NEW MUSIC,64919,304145,0
344,331859301,@jean-murphy-17652228: ?,88916,304145,0
345,331842863,"everyone go listen to my track ""Enemies"" i promise you won't be disappointed https://soundcloud.com/user-179810108/enemies",217382,304145,0
346,331832889,GO TO DISCOVERY OF â–² BROKEN WALLS â–² https://soundcloud.com/s-f-productions/broken-walls-by-silmarwen-faelivrin,293166,304145,0
347,331813132,this song is lit,2274,304145,0
348,331812220,tater tot,35109,304145,0
349,331812152,tater tot,39341,304145,0
350,331802078,send nudes,1867,304145,0
351,331786871,cool...another hit song,212822,304145,0
352,331778873,the humming in the background makes the whole song better,128535,304145,0
353,331766293,this shit slaps,83143,304145,0
354,331761946,https://soundcloud.com/royal-baybee/royal-baybee-kodak-flow-prod-by-xaviorjordan,146102,304145,0
355,331758580,FIREEEEEEEEEEEEEEEEEEEEEEEEEEEEEEEEEEEEEEEEEEEEEEEEEEEEEEEEEEEEEEEEEEE,24422,304145,0
356,331756692,tbh,11442,304145,0
357,331747819,U fuck,185812,304145,0
358,331746287,Don't read this. You will be kissed on the nearest possible Friday by the love of your life. Tomorrow will be the best day of your life. Now you've started reading this don't stop this is so freaky. But if you read this and ignore it then you will have very bad luck. Put this on 15 songs in 144 mins. When you are done press space bar and your crushes name will appear in big letters on the screen this is so freaky it actually works,232823,304145,0
359,331743256,dis shit lit,10927,304145,0
360,331739881,Love it!!,148195,304145,0
361,331727175,fuck school,7873,304145,0
362,331694587,Believe me Believe me,160603,304145,0
363,331683144,As Long As She Got A HEAVY BðŸ‘TTðŸ‘M where she at? where she go? soundcloud.com/mastapiececompositions/heavy-bottom-feat-lolo-coco-chanel As Long As She Got A HEAVY BðŸ‘TTðŸ‘M where she at? where she go? soundcloud.com/mastapiececompositions/heavy-bottom-feat-lolo-coco-chanel As Long As She Got A HEAVY BðŸ‘TTðŸ‘M where she at? where she go? soundcloud.com/mastapiececompositions/heavy-bottom-feat-lolo-coco-chanel As Long As She Got A HEAVY BðŸ‘TTðŸ‘M where she at? where she go? soundcloud.com/mastapiececompositions/heavy-bottom-feat-lolo-coco-chanel As Long As She Got A HEAVY BðŸ‘TTðŸ‘M where she at? where she go? soundcloud.com/mastapiececompositions/heavy-bottom-feat-lolo-coco-chanel As Long As She Got A HEAVY BðŸ‘TTðŸ‘M where she at? where she go? soundcloud.com/mastapiececompositions/heavy-bottom-feat-lolo-coco-chanel,183432,304145,0
364,331671461,Hey! Can you do me a favor? Can you listen to my newest song? And if you like it can you give it heart and repost it? I'm just trying to get the song out there and heard. Thanks. I'd greatly appreciate it.   soundcloud.com/precocioussupremacy/speeddate,1496,304145,0
365,331666026,shit go hard than a bitch,103000,304145,0
366,331661726,May you enjoy the wave and support the movement. https://www.youtube.com/watch?v=RtZ1LG7hjLg,159092,304145,0
367,331660090,gay,1184,304145,0
368,331657670,migossssss,16981,304145,0
369,331657661,dope,16981,304145,0
370,331643670,Don't read this. You will be kissed on the nearest possible Friday by the love of your life. Tomorrow will be the best day of your life. Now you've started reading this don't stop this is so freaky. But if you read this and ignore it then you will have very bad luck. Put this on 15 songs in 144 mins. When you are done press space bar and your crushes name will appear in big letters on the screen this is so freaky it actually worksP Posted 27 days ago27 days Reply Posted 7 days ago7 days Reply,162381,304145,0
371,331631733,Approved,79203,304145,0
372,331622618,excuse me,48873,304145,0
373,331619750,.,58408,304145,0
374,331608469,this is lit af,6638,304145,0
375,331602031,Slippery. best song in 2017,34140,304145,0
376,331601834,dope.slippey,18937,304145,0
377,331587038,rawwwwwwwwwwww,129287,304145,0
378,331587002,splash whoooo drip drip drip,107747,304145,0
379,331586936,best album ever,97136,304145,0
380,331580428,gang,138802,304145,0
381,331573405,????,2149,304145,0
382,331567898,slippperyy,94466,304145,0
383,331550048,its lit,21357,304145,0
384,331531599,Guys check out my SoundCloud PLZ,198895,304145,0
385,331531581,How ,5200,304145,0
386,331527388,Hi! Listen my trap music!),177773,304145,0
387,331505605,"AWESOME NEWS. AWESOME NEWS. AWESOME NEWS.  Ella . even though Rita `s story is really great, last Thursday I bought a gorgeous Dodge after making $5825 this past 5 weeks and-just over, ten-grand last-month . it's actual my favorite-job I've ever had . I started this six months/ago and immediately was bring in home at least $76 per-hr . navigate to this web-site+_+_+_++_+_+_+_>",120934,304145,0
388,331502706, I am fall in love  https://goo.gl/dMlyqV,2147483647,304145,0
389,331471952,if u liked this song check this out https://soundcloud.com/shakakasenzangakhona/hml-feat-roxo-the-bandit,74645,304145,0
390,331445858,cali,58321,304145,0
391,331440921,"Hey guys, check out my page! Just release a new album! check it out soundcloud.com/hayes_beats hayesbeats.bandcamp.com",165197,304145,0
392,331436057,Beats on my page !,129305,304145,0
393,331403623,Don't read this. You will be kissed on the nearest possible Friday by the love of your life. Tomorrow will be the best day of your life. Now you've started reading this don't stop this is so freaky. But if you read this and ignore it then you will have very bad luck. Put this on 15 songs in 144 mins. When you are done press space bar and your crushes name will appear in big letters on the screen this is so freaky it actually works,240704,304145,0
394,331389423,"Dropped new song ""Trust issues"" Link in the bio Please click it https://soundcloud.com/huma-star/trust-issues-ft-slick-tre",93646,304145,0
395,331388721,shit fye,56094,304145,0
396,331383880,@terance-klassified-bradley: die,69422,304145,0
397,331355893,skrt skrt,119485,304145,0
398,331346215,As Long As She Got A HEAVY BðŸ‘TTðŸ‘M where she at? where she go? soundcloud.com/mastapiececompositions/heavy-bottom-feat-lolo-coco-chanel As Long As She Got A HEAVY BðŸ‘TTðŸ‘M where she at? where she go? soundcloud.com/mastapiececompositions/heavy-bottom-feat-lolo-coco-chanel As Long As She Got A HEAVY BðŸ‘TTðŸ‘M where she at? where she go? soundcloud.com/mastapiececompositions/heavy-bottom-feat-lolo-coco-chanel As Long As She Got A HEAVY BðŸ‘TTðŸ‘M where she at? where she go? soundcloud.com/mastapiececompositions/heavy-bottom-feat-lolo-coco-chanel As Long As She Got A HEAVY BðŸ‘TTðŸ‘M where she at? where she go? soundcloud.com/mastapiececompositions/heavy-bottom-feat-lolo-coco-chanel As Long As She Got A HEAVY BðŸ‘TTðŸ‘M where she at? where she go? soundcloud.com/mastapiececompositions/heavy-bottom-feat-lolo-coco-chanel,182058,304145,0
399,331315777,I bought brand new RED Ferreri by working ONline work. Six month ago i hear from my friend that she is working some online job and making more then 98$/hr i can't beleive. But when i start this job i have to beleived herNow i am also making 98$/hr if you want to try just check this out..... Please click the link below ====== http://www.jobmax6.com,120283,304145,0
400,331311424,@user-669214375: Kiram Zirs Pillu,221074,304145,0
401,331302830,Check out some of our beats! https://soundcloud.com/astronautiks/fine-china certified on traktrain too!,6261,304145,0
402,331299099,listen to my new single its lit https://soundcloud.com/moneykillemboy/yung-kece-no-sleep-2,243463,304145,0
403,331294217,https://soundcloud.com/pandadog-2/dung-produced-by-illinstrumentals,131135,304145,0
404,331294214,https://soundcloud.com/pandadog-2/dung-produced-by-illinstrumentals,57463,304145,0
405,331258556,Don't read this. You will be kissed on the nearest possible Friday by the love of your life. Tomorrow will be the best day of your life. Now you've started reading this don't stop this is so freaky. But if you read this and ignore it then you will have very bad luck. Put this on 15 songs in 144 mins. When you are done press space bar and your crushes name will appear in big letters on the screen this is so freaky it actually works.,19931,304145,0
406,331253239,slippery is my song,61079,304145,0
407,331233956,gvhj,19480,304145,0
408,331233890,SEND NUDES,11642,304145,0
409,331233865,Send nudes,2586,304145,0
410,331233801,Hi its osvaldo here looking for boys between the  age of 5 and 10,184354,304145,0
411,331220032,If you love great music and tired of rappers sounding like Future and Migos come follow me,141478,304145,0
412,331210191,I'm from ky,61792,304145,0
413,331206952,"Dead shot (brrt) AK make your head rock (brrt) Red dot, retro Air Jord' deadstock ayyyyyyyyy",230853,304145,0
414,331204067,Savage,189970,304145,0
415,331203655,im gon pop,58447,304145,0
416,331196084,bangerðŸ˜†,18525,304145,0
417,331188989,dope,590,304145,0
418,331185433,"@feroesghost: I see what you mean... Jesse `s postlng is neat... on monday I bought a top of the range Jaguar E-type after I been earnin $7477 this-last/4 weeks and-even more than, 10-k last-munth . no-doubt about it, this really is the most comfortable job Ive had . I started this seven months/ago and right away was making more than $73 per-hr . go right here  +_+_+_+_+_+_+_+_+ http://www.jobmax6.com",239218,304145,0
419,331183450,https://soundcloud.com/feroesghost/sets/shameless-self-promo-lend-me,239218,304145,0
420,331180193,Excuse me please me,4016,304145,0
421,331167989,slippery,755,304145,0
422,331167766,titty pop,268626,304145,0
423,331165398,@mastapiececompositions: suk mi pipi,77395,304145,0
424,331156411,Don't read this. You will be kissed on the nearest possible Friday by the love of your life. Tomorrow will be the best day of your life. Now you've started reading this don't stop this is so freaky. But if you read this and ignore it then you will have very bad luck. Put this on 15 songs in 144 mins. When you are done press space bar and your crushes name will appear in big letters on the screen this is so freaky it actually works,152276,304145,0
425,331129497,You can't regret listening to this I can bet my life on it https://soundcloud.com/ozed-opia/angel-like-you-ozed-ft-jinmi-abduls-prod-by-doksboi,139859,304145,0
426,331127067,"@user-104076938: Isaiah . I just agree... Norman `s artlclee is exceptional, last monday I got themselves a Chevrolet after having made $6538 this - five weeks past and-in excess of, 10k last-month . it's by-far the most comfortable work I have ever done . I started this 8-months ago and right away was earning minimum $87... p/h . this website   ,,, http://www.jobmax6.com",112734,304145,0
427,331125666,Don't read this. You will be kissed on the nearest possible Friday by the love of your life. Tomorrow will be the best day of your life. Now you've started reading this don't stop this is so freaky. But if you read this and ignore it then you will have very bad luck. Put this on 15 songs in 144 mins. When you are done press space bar and your crushes name will appear in big letters on the screen this is so freaky it actually works.,112734,304145,0
428,331125375,Check Me Out! I'm Changing The Game!,128601,304145,0
429,331120235,soundcloud.com/mastapiececompositions/sets/nouveau MASTAPIECE Is Back! soundcloud.com/mastapiececompositions/sets/nouveau IT'S NOT BAD SPAM IF IT'S GOOD! soundcloud.com/mastapiececompositions/sets/nouveau MASTAPIECE Is Back! soundcloud.com/mastapiececompositions/sets/nouveau IT'S NOT BAD SPAM IF IT'S GOOD! soundcloud.com/mastapiececompositions/sets/nouveau MASTAPIECE Is Back! soundcloud.com/mastapiececompositions/sets/nouveau IT'S NOT BAD SPAM IF IT'S GOOD! soundcloud.com/mastapiececompositions/sets/nouveau MASTAPIECE Is Back! soundcloud.com/mastapiececompositions/sets/nouveau IT'S NOT BAD SPAM IF IT'S GOOD! soundcloud.com/mastapiececompositions/sets/nouveau MASTAPIECE Is Back,77395,304145,0
430,331113880,splash,23645,304145,0
431,331109965,https://soundcloud.com/terance-klassified-bradley/2koldd-enough,69422,304145,0
432,331098678,https://soundcloud.com/noah-houser-937817651/waste-no-time-prodblackmayo,421,304145,0
433,331083897,offset goes off on this one,122079,304145,0
434,331075942,ðŸ‘»,28100,304145,0
435,331065926,Deadshot!,229692,304145,0
436,331049116,I bought brand new RED Ferreri by working ONline work. Six month ago i hear from my friend that she is working some online job and making more then 98$/hr i can't beleive. But when i start this job i have to beleived herNow i am also making 98$/hr if you want to try just check this out..... Please click the link below ====== http://www.jobmax6.com,234133,304145,0
437,331027699,Nice!! Check out this dope track https://www.youtube.com/watch?v=odsMFpdgIow,13457,304145,0
438,331025765,check out my music,161692,304145,0
439,330987287,@user-432241591: ugly horny ass bitch,224933,304145,0
440,330987255,@user-432241591: stfu,224933,304145,0
441,330987180,the song is amazing,82991,304145,0
442,330971481,"@dunc_beats: I am using it now & it's awesome! I've signed up for my account and have been bringing in fat paychecks. For real, my first week I made Â£350 and the 2nd week I doubled it & then it kinda snowballed to Â£150 a day! just folllow the course.. they will help you out  ================> http://www.jobmax6.com",113840,304145,0
443,330970719,check out my beats,113840,304145,0
444,330947234,u$p,142813,304145,0
445,330947168,"md0cta 3 jobs, see me",84771,304145,0
446,330947102,jelly?,47679,304145,0
447,330947067,"ayyye let me in them curtains, meat me yo",26385,304145,0
448,330929319,ice,47699,304145,0
449,330925680,Check out my Soundcloud Profile,243654,304145,0
450,330914317,( Í¡Â° ÍœÊ– Í¡Â°),36670,304145,0
451,330884905,edgar,273782,304145,0
452,330870548,@willy-blunts: soundcloud.com/willy-blunts/i-dont-know-about-that-featuring-raf-1,219016,304145,0
453,330870472,this shit hard!!!!....................... soundcloud.com/willy-blunts/thot-rock,219016,304145,0
454,330844982,FIREEEEEEEEEEEEEEEEEEEEEEEEEEEEEEEEEEEEEEEEEEEE,127920,304145,0
455,330817852,SoundCloud plays Download Followers  Buy Cheap goo.gl/nt1owW,1999,304145,0
456,330811195,fire!,16697,304145,0
457,330795726,"Isaiah . I just agree... Norman `s artlclee is exceptional, last monday I got themselves a Chevrolet after having made $6538 this - five weeks past and-in excess of, 10k last-month . it's by-far the most comfortable work I have ever done . I started this 8-months ago and right away was earning minimum $87... p/h . this website   ,,, http://www.jobmax6.com",296415,304145,0
458,330782219,"New modern backpage Location Is https://safevalues.com login with your social media, no need to sign up if you don't want to. It is free, brand new site with a lot of traffic, really good looking chicks on there, no fake cat fishing ads & itâ€™s low-key. It is better than backpage https://safevalues.com chicks from everywhere. There's a difference between the cliche classified sites & https://safevalues.com If something is unique, I will support it.   Also, thereâ€™s user that made videos giving feedbackâ€™s about the site, hereâ€™s the linksâ€”â€”>>> https://www.youtube.com/watch?v=Uw2h_28Qmkc  Backpage Has Been Dead Since The Shutdown, Shit Is Hot! With A Lot Of Law Enforcement On There. Donâ€™t Be The One That Get Caught Up! And Wish You Listened To Me.",107762,304145,0
459,330755981,mydickishard,120337,304145,0
460,330723300,Don't read this. You will be kissed on the nearest possible Friday by the love of your life. Tomorrow will be the best day of your life. Now you've started reading this don't stop this is so freaky. But if you read this and ignore it then you will have very bad luck. Put this on 15 songs in 144 mins. When you are done press space bar and your crushes name will appear in big letters on the screen this is so freaky it actually works,228347,304145,0
461,330710827,if gucci weren't in this it be so much better,2390,304145,0
462,330706827,https://soundcloud.com/user-206029784/waterfall,201191,304145,0
463,330701962,XXXTentacion Inspired This album And I Worked pretty hard on it listen and like and repost https://soundcloud.com/yfredo/sets/dark-reality,15831,304145,0
464,330697104,such gas,682,304145,0
465,330697025,the fuck,22476,304145,0
466,330696780,LOVE THIS SONG!!!,85939,304145,0
467,330695616,AWESOME SONG!!!,91403,304145,0
468,330695480,dick,8185,304145,0
469,330692994,Check this fire out https://soundcloud.com/user-728968353/war-poetry-freestyle,3414,304145,0
470,330691774,https://soundcloud.com/user-591528062-681410059/donuts-prod-cormill,189637,304145,0
471,330691742,https://soundcloud.com/user-591528062-681410059/donuts-prod-cormill,213948,304145,0
472,330687310,street culture on bloddz,5277,304145,0
473,330682872,"Isaiah . I just agree... Norman `s artlclee is exceptional, last monday I got themselves a Chevrolet after having made $6538 this - five weeks past and-in excess of, 10k last-month . it's by-far the most comfortable work I have ever done . I started this 8-months ago and right away was earning minimum $87... p/h . this website   ,,, http://www.jobmax6.com",200951,304145,0
474,330676451,skrt skrt,117412,304145,0
475,330676425,please me,167,304145,0
476,330672345,Go to my page for official full song of Dab of Ranch,163,304145,0
477,330670466,check out my seven million song!!!!!!!!!!!!!!!!!!!!!!!!!!,192384,304145,0
478,330670093,@djinismart: my recent is cool,3883,304145,0
479,330670058,@user-919112174: give me a check,15786,304145,0
480,330670039,@baeos: dope shit,1289,304145,0
481,330669995,@joshua-gilhernandez: i know,44105,304145,0
482,330669965,@user-691949761: check the recent bruh,277181,304145,0
483,330669950,@eemiremiroglu: cool shit,229613,304145,0
484,330669920,@nightflex: recent,76381,304145,0
485,330669903,@user-524196746: all I have to say is thats you dope and recent,3940,304145,0
486,330669841,@robert-martinez-932133516: recent,35095,304145,0
487,330669825,@user-84046633: i know right lol,110476,304145,0
488,330669762,@aqvrnplmjh3x: FIIREREREEdsjfafjsadhf,194698,304145,0
489,330669698,give my profile a check,300885,304145,0
490,330664862,FIREEEEEE,194698,304145,0
491,330658826,https://soundcloud.com/user-787902416/i-kinda-like-uicideboy-1,198723,304145,0
492,330657490,https://soundcloud.com/huma-star/trust-issues-ft-slick-tre,108329,304145,0
493,330654405,@user-141722468: slippery,23867,304145,0
494,330638163,slippery,1082,304145,0
495,330637701,"Paige . I just agree... Diane `s posting is neat... last tuesday I got a great Fiat Panda since I been earnin $7376 this - five weeks past and-just over, ten-grand this past munth . it's by-far the nicest-job I have ever done . I began this 4 months ago and almost immediately began to earn minimum $86, per-hr . over at this website  ........... http://www.jobmax6.com",125675,304145,0
496,330591091,"Since I started with my online business, I earn $25 every 15 minutes. It sounds unbelievable but you wonâ€™t forgive yourself if you don't check it out. Learn more about it here>> https://clck.ru/AJXQb",212008,304145,0
497,330575386,G Mud La Flare drops 2/28 follow me to stay tuned,14489,304145,0
498,330575333,check out my music ,3940,304145,0
499,330568909,Slippery,35095,304145,0
500,330561895,THIS IS FIRE!!!!!!!!!!!!!!!!!!!!!!!!!!!!!!!!!!!!!!!!!!!!!!!!!!!!!!!!!!,110476,304145,0
501,330561840,oshabar,87324,304145,0
502,330549997,soundcloud.com/mastapiececompositions/rancho-biggie-remix MASTAPIECE Is Back! NEW MUSIC soundcloud.com/mastapiececompositions/rancho-biggie-remix MASTAPIECE Is Back! NEW MUSIC soundcloud.com/mastapiececompositions/rancho-biggie-remix MASTAPIECE Is Back! NEW MUSIC soundcloud.com/mastapiececompositions/rancho-biggie-remix MASTAPIECE Is Back! NEW MUSIC soundcloud.com/mastapiececompositions/rancho-biggie-remix MASTAPIECE Is Back! NEW MUSIC,163231,304145,0
503,330536843,heard your bitch got the water,165029,304145,0
504,330523510,that's fire ,17985,304145,0
505,330518681,https://soundcloud.com/nightflex,76381,304145,0
506,330518670,https://soundcloud.com/nightflex,76381,304145,0
507,330518651,https://soundcloud.com/nightflex,76381,304145,0
508,330508911,DOPE SHIITAKE,277181,304145,0
509,330495748,@user-462483687: check out my page and like for like,192574,304145,0
510,330478217,my best friend earns over 10k a month doing this and she convinced me to try. The potential with this is endless. Hereâ€™s what I've been doing------------> ....http://www.buzzpay40.com,84215,304145,0
511,330475349,slippery,23867,304145,0
512,330472988,Don't read this. You will be kissed on the nearest possible Friday by the love of your life. Tomorrow will be the best day of your life. Now you've started reading this don't stop this is so freaky. But if you read this and ignore it then you will have very bad luck. Put this on 15 songs in 144 mins. When you are done press space bar and your crushes name will appear in big letters on the screen this is so freaky it actually works,129600,304145,0
513,330471855,very good! :),295711,304145,0
514,330468990,lit,44105,304145,0
515,330468913,ayyyy fuck ya,41436,304145,0
516,330467707,hey nick,132614,304145,0
517,330464321,sweeeeeeet,232839,304145,0
518,330459302,slippery,2967,304145,0
519,330458229,fireeeeeeeeeeeeeeeeeeeeeeeeeeeeeeeeeeeeeeeeeeeeeeeee,1658,304145,0
520,330451839,that beat hard af!! 808 sound dope! Migos killin it,21968,304145,0
521,330443219,God ,86458,304145,0
522,330436898,issa jungle i let em survive,131805,304145,0
523,330430206,aii,29585,304145,0
524,330424236,HEAT,13264,304145,0
525,330380988,Don't read this. You will be kissed on the nearest possible Friday by the love of your life. Tomorrow will be the best day of your life. Now you've started reading this don't stop this is so freaky. But if you read this and ignore it then you will have very bad luck. Put this on 15 songs in 144 mins. When you are done press space bar and your crushes name will appear in big letters on the screen this is so freaky it actually works,2889,304145,0
526,330372092,fire,225205,304145,0
527,330370666,https://soundcloud.com/yung-dendoe-1,290,304145,0
528,330353369,Don't read this. You will be kissed on the nearest possible Friday by the love of your life. Tomorrow will be the best day of your life. Now you've started reading this don't stop this is so freaky. But if you read this and ignore it then you will have very bad luck. Put this on 15 songs in 144 mins. When you are done press space bar and your crushes name will appear in big letters on the screen this is so freaky it actually worksP Posted 1 day ago1 day Reply,7181,304145,0
529,330342333,GO TO MY PAGE FOR INSTRUMENTALS \ BEATS!!,928,304145,0
530,330326453,Ø·Ø¨Ø®Ù† Ø¨Ø·Ø§Ø·Ø³ ,39450,304145,0
531,330299619,Slippery is one of the best songs from the album!,272451,304145,0
532,330298724,https://soundcloud.com/lyve83/im-blessed,166323,304145,0
533,330293436,Check my profile,15786,304145,0
534,330227772,soooooooperrrrr cool,3883,304145,0
535,330192502,https://soundcloud.com/mm0ney/blunt-after-blunt,1892,304145,0
536,330183382,THIS FLOW TOUGH,17963,304145,0
537,330167469,@higherpeaks: alright,277931,304145,0
538,330167171,@taymor-idliby-1: check out my songs please,11362,304145,0
539,330167135,@dimetrius-jackson: check me out,4507,304145,0
540,330167079,@alonssomusic: check me out too bro ill follow back,66043,304145,0
541,330167025,@blackwinters: you dope too bro follow bak,277931,304145,0
542,330166945,@dough-moe: dope check me out too bro,183773,304145,0
543,330147621,soundcloud.com/mastapiececompositions/sets/nouveau MASTAPIECE Is Back! soundcloud.com/mastapiececompositions/sets/nouveau IT'S NOT BAD SPAM IF IT'S GOOD! soundcloud.com/mastapiececompositions/sets/nouveau MASTAPIECE Is Back! soundcloud.com/mastapiececompositions/sets/nouveau IT'S NOT BAD SPAM IF IT'S GOOD! soundcloud.com/mastapiececompositions/sets/nouveau MASTAPIECE Is Back! soundcloud.com/mastapiececompositions/sets/nouveau IT'S NOT BAD SPAM IF IT'S GOOD! soundcloud.com/mastapiececompositions/sets/nouveau MASTAPIECE Is Back! soundcloud.com/mastapiececompositions/sets/nouveau IT'S NOT BAD SPAM IF IT'S GOOD! soundcloud.com/mastapiececompositions/sets/nouveau MASTAPIECE Is Back,211453,304145,0
544,330134625,anybody from ky???,55205,304145,0
545,330124324,spalsh,22841,304145,0
546,330123785,slaps ,4271,304145,0
547,330109616,https://soundcloud.com/trippykreflo/trippykreflo-x-50-on-my-wrist-prodbyyungdope listen to my new song ima 14 year old artist from Connecticut,176866,304145,0
548,330106978,"From the day I started my online business, I earned 62 dollars every 15 minutes. I know it sound absolutely incredible,  but you just cannot lose the possibility......http://www.buzzpay40.com",157474,304145,0
549,330099772,yessds,300,304145,0
550,330096263,https://soundcloud.com/perrintherapper/thanks,179624,304145,0
551,330096251,https://soundcloud.com/perrintherapper/thanks,179624,304145,0
552,330065969,STYLE!,45621,304145,0
553,330054345,https://m.soundcloud.com/user-224549487,948,304145,0
554,330031818,@alonssomusic: dope shit,66043,304145,0
555,330031765,@user-666480644: check me out bruh,215822,304145,0
556,330031751,@jeremiah-whitaker-70493873: for i thought the same,18767,304145,0
557,330031737,@theactualtanis: ok,282375,304145,0
558,330031726,@tankellam: yea,9094,304145,0
559,330031694,@higherpeaks: give my profile a check bruh because you got slappers,277931,304145,0
560,330031668,check out my profile,11387,304145,0
561,330019568,https://soundcloud.com/higherpeaks/creeps-and-freaks,277931,304145,0
562,329996390,pop,9094,304145,0
563,329950503,"""Support the real, DON'T SUPPORT THE PHONIES."" -- 2pac Shakur",282375,304145,0
564,329930564,this is lit,149238,304145,0
565,329925949,beast beat,18767,304145,0
566,329917808,my bitchessssss,215822,304145,0
567,329896466,please me,8016,304145,0
568,329862822,fuckin fire,63860,304145,0
569,329843980,617 patriots gang,134555,304145,0
570,329843824,Don't read this. You will be kissed on the nearest possible Friday by the love of your life. Tomorrow will be the best day of your life. Now you've started reading this don't stop this is so freaky. But if you read this and ignore it then you will have very bad luck. Put this on 15 songs in 144 mins. When you are done press space bar and your crushes name will appear in big letters on the screen this is so freaky it actually works Posted 2 months ago2 months,251065,304145,0
571,329832692,everybody check out my last post! :D,66043,304145,0
572,329828184,https://soundcloud.com/durka-bruddas/trust-tony-durkaprodcashmoneyap Check it,257858,304145,0
573,329816354,slippery excuse me please me,4507,304145,0
574,329810313,Bump thisðŸ”¥ðŸ”¥ðŸ”¥  https://soundcloud.com/wcruz24/top-notch,2884,304145,0
575,329805424,i follow back!,171786,304145,0
576,329802187,believe meeeee,11362,304145,0
577,329783289,https://soundcloud.com/misstopgamemtg/aka-gwalla-prod-kid-ocean,293271,304145,0
578,329772872,"Listen to ON ME by King Frosto #np on #SoundCloud
https://soundcloud.com/user-573997310/on-me-frosto",0,304145,0
579,329771107,best part,120677,304145,0
580,329686915,skirt skiiir,126861,304145,0
581,329659549,Muh Nugga Migos goin in like its dah slave dayz@@Trumpwall,88391,304145,0
582,329627292,Don't read this. You will be kissed on the nearest possible Friday by the love of your life. Tomorrow will be the best day of your life. Now you've started reading this don't stop this is so freaky. But if you read this and ignore it then you will have very bad luck. Put this on 15 songs in 144 mins. When you are done press space bar and your crushes name will appear in big letters on the screen this is so freaky it actually works,3668,304145,0
583,329608800,"slippery she numbing me that tongue on me, honestly how she fuck with me, your wife to be (Favorite line)",121581,304145,0
584,329571404,why the overall chart top 10 songs are all hip-hop & rap?,1169,304145,0
585,329535779,https://soundcloud.com/erb420/erbal-point-6,137987,304145,0
586,329513918,@user-563889931: I get paid Â£82 every hour from online joobs. I never thought Iâ€™d be able to do it but my friend AB is earning Â£9k monthly by doing this job and she showed me how. Try it out on following website..  ========>>>> http://bit.do/c7XmA,211136,304145,0
587,329508421,https://soundcloud.com/trapsocietyofficial/rocky-bloodboa-married-to-the-money,77555,304145,0
588,329486788,ðŸ”¥ðŸ”¥ðŸ”¥ðŸ”¥ ATTENTION ðŸ”¥ðŸ”¥ðŸ”¥ðŸ”¥ Desiigner's brother @officialluie back with another banger! Check out Desiigner's brother @officialluie new song! Let's make it go dumb! Everyone tag @Desiigner and @officialluie @officialluie @officialluie @officialluie @officialluie ðŸ”¥ðŸ”¥ðŸ”¥ðŸ”¥ðŸ”¥ðŸ”¥ðŸ”¥ðŸ”¥ðŸ”¥ðŸ”¥ðŸ”¥ðŸ”¥ https://soundcloud.com/officialluie/loses https://soundcloud.com/officialluie/loses https://soundcloud.com/officialluie/loses https://soundcloud.com/officialluie/loses https://soundcloud.com/officialluie/loses,151464,304145,0
589,329486787,ðŸ”¥ðŸ”¥ðŸ”¥ðŸ”¥ ATTENTION ðŸ”¥ðŸ”¥ðŸ”¥ðŸ”¥ Desiigner's brother @officialluie back with another banger! Check out Desiigner's brother @officialluie new song! Let's make it go dumb! Everyone tag @Desiigner and @officialluie @officialluie @officialluie @officialluie @officialluie ðŸ”¥ðŸ”¥ðŸ”¥ðŸ”¥ðŸ”¥ðŸ”¥ðŸ”¥ðŸ”¥ðŸ”¥ðŸ”¥ðŸ”¥ðŸ”¥ https://soundcloud.com/officialluie/loses https://soundcloud.com/officialluie/loses https://soundcloud.com/officialluie/loses https://soundcloud.com/officialluie/loses https://soundcloud.com/officialluie/loses,151464,304145,0
590,329486786,ðŸ”¥ðŸ”¥ðŸ”¥ðŸ”¥ ATTENTION ðŸ”¥ðŸ”¥ðŸ”¥ðŸ”¥ Desiigner's brother @officialluie back with another banger! Check out Desiigner's brother @officialluie new song! Let's make it go dumb! Everyone tag @Desiigner and @officialluie @officialluie @officialluie @officialluie @officialluie ðŸ”¥ðŸ”¥ðŸ”¥ðŸ”¥ðŸ”¥ðŸ”¥ðŸ”¥ðŸ”¥ðŸ”¥ðŸ”¥ðŸ”¥ðŸ”¥ https://soundcloud.com/officialluie/loses https://soundcloud.com/officialluie/loses https://soundcloud.com/officialluie/loses https://soundcloud.com/officialluie/loses https://soundcloud.com/officialluie/loses,151464,304145,0
591,329484733,ðŸ”¥ðŸ”¥ðŸ”¥ðŸ”¥ ATTENTION ðŸ”¥ðŸ”¥ðŸ”¥ðŸ”¥ Desiigner's brother @officialluie back with another banger! Check out Desiigner's brother @officialluie new song! Let's make it go dumb! Everyone tag @Desiigner and @officialluie @officialluie @officialluie @officialluie @officialluie ðŸ”¥ðŸ”¥ðŸ”¥ðŸ”¥ðŸ”¥ðŸ”¥ðŸ”¥ðŸ”¥ðŸ”¥ðŸ”¥ðŸ”¥ðŸ”¥,0,304145,0
592,329484728,@user-437618019: ðŸ”¥ðŸ”¥ðŸ”¥ðŸ”¥ ATTENTION ðŸ”¥ðŸ”¥ðŸ”¥ðŸ”¥ Desiigner's brother @officialluie back with another banger! Check out Desiigner's brother @officialluie new song! Let's make it go dumb! Everyone tag @Desiigner and @officialluie @officialluie @officialluie @officialluie @officialluie ðŸ”¥ðŸ”¥ðŸ”¥ðŸ”¥ðŸ”¥ðŸ”¥ðŸ”¥ðŸ”¥ðŸ”¥ðŸ”¥ðŸ”¥ðŸ”¥,188083,304145,0
593,329484724,ðŸ”¥ðŸ”¥ðŸ”¥ðŸ”¥ ATTENTION ðŸ”¥ðŸ”¥ðŸ”¥ðŸ”¥ Desiigner's brother @officialluie back with another banger! Check out Desiigner's brother @officialluie new song! Let's make it go dumb! Everyone tag @Desiigner and @officialluie @officialluie @officialluie @officialluie @officialluie ðŸ”¥ðŸ”¥ðŸ”¥ðŸ”¥ðŸ”¥ðŸ”¥ðŸ”¥ðŸ”¥ðŸ”¥ðŸ”¥ðŸ”¥ðŸ”¥,188083,304145,0
594,329455416,S T R E E T CULTURE ,0,304145,0
595,329440799,offset diss mysticgotjoke on this lol .,148,304145,0
596,329431611,https://soundcloud.com/blastroboy/luxury-taste,238337,304145,0
597,329412326,dope,143007,304145,0
598,329412033,dat beat doe,37325,304145,0
599,329409170,soundcloud.com/user-824722401/1993-ft-king listen to my shit i stg is up nex,299028,304145,0
600,329407775,this shxt the new wave ðŸŒŠ I fvxks with this shxt. ðŸ”¥ hot asf dead ass ðŸ”¥ ,45387,304145,0
601,329387620,YAS  WHAT THE NEW WAVE EP SINGLE >FIRE>>>CLICK THAT WAY,1077,304145,0
602,329385287,dnak,277492,304145,0
603,329382054,tator tot,168480,304145,0
604,329362294,TURNTTT,88496,304145,0
605,329347494,This girls much better then at facebook https://goo.gl/aLhVux,2147483647,304145,0
606,329303467,TAKEOFF WITH THE RENEGADE,192725,304145,0
607,329291247,Dope!,163058,304145,0
608,329235467,drip drip woo splah,41986,304145,0
609,329234789,damn so lit,15814,304145,0
610,329232451,gucci*^^,217548,304145,0
611,329232418,guuci fire,183514,304145,0
612,329222867,ohhh yeah,21844,304145,0
613,329218193,nobody,158627,304145,0
614,329194294,migoskilling it https://soundcloud.com/xseed-3/tracks,68496,304145,0
615,329170283,Lit,11929,304145,0
616,329170222,GAY,3681,304145,0
617,329168999,2017,217432,304145,0
618,329168190,a,53321,304145,0
619,329167362,https://www.facebook.com/BLESSWOODGROUP Ð¼Ñ‹ Ð² facebook,110180,304145,0
620,329165395,excuse me please me,28540,304145,0
621,329165355,pop a perky just to start up,13500,304145,0
622,329152822,skrt skrt,35581,304145,0
623,329152741,this beat,14692,304145,0
624,329147945,slippery,48518,304145,0
625,329100359,https://soundcloud.com/lillean/visions-prod-beasleybangorz check it ouy,277536,304145,0
626,329088675,"Listen to Phantoms prod.TheBeatPlug by TheChuckIII #np on #SoundCloud
https://soundcloud.com/the_chuck_iii/phantoms_bp. Check it",175823,304145,0
627,329085029,strong!,79944,304145,0
628,329079950,new song just came out,31964,304145,0
629,329056848,Topping off todays Top 100 Indie.... @officialluie @officialluie @officialluie @officialluie @officialluie @officialluie Congrats on winning the top 100 Indie daily!  @officialluie @officialluie Make sure to support the artist!  @officialluie @officialluie @officialluie @officialluie @officialluie @officialluie @officialluie @officialluie Thanks!,242488,304145,0
630,329056845,Topping off todays Top 100 Indie.... @officialluie @officialluie @officialluie @officialluie @officialluie @officialluie Congrats on winning the top 100 Indie daily!  @officialluie @officialluie Make sure to support the artist!  @officialluie @officialluie @officialluie @officialluie @officialluie @officialluie @officialluie @officialluie Thanks!,242488,304145,0
631,329056843,Topping off todays Top 100 Indie.... @officialluie @officialluie @officialluie @officialluie @officialluie @officialluie Congrats on winning the top 100 Indie daily!  @officialluie @officialluie Make sure to support the artist!  @officialluie @officialluie @officialluie @officialluie @officialluie @officialluie @officialluie @officialluie Thanks!,242488,304145,0
632,329045236,"drip, drip, WOO, splash",17108,304145,0
633,329045135,this shit is fire,2969,304145,0
634,329037019,SLIPPERY BOIZ,41256,304145,0
635,329032563,This girls much better than at facebook http://gg.gg/4d3tx,2147483647,304145,0
636,329021938,full of great girls in this conversation,176639,304145,0
637,329021774,@alex-pipito: dope,180184,304145,0
638,329021497,https://soundcloud.com/lillean/visions-prod-beasleybangorz check me out,6820,304145,0
639,329017966,ayy,294313,304145,0
640,329017733,believe me believe me,180184,304145,0
641,328980604,best song by migos they killed dat shit,167020,304145,0
642,328952299,Ayeee!!!,11993,304145,0
643,328944609,fireeeeeeee,94434,304145,0
644,328910438,good song ðŸ‘,41537,304145,0
645,328882335,https://soundcloud.com/dapfosheez/dragon-balling,3321,304145,0
646,328869956,This beat takes shit to another Lvl! ðŸ”¥,238097,304145,0
647,328869886,trrrrrrrrrrrrrrrrrrrrrrrrraaaaaaaaaaaaaaaaaaaaaa,18405,304145,0
648,328869438,"dead shot, AK make yo head rock ðŸ˜",232041,304145,0
649,328862431,black people only ,510,304145,0
650,328859028,This sounds slow asf...,770,304145,0
651,328841090,fire,60399,304145,0
652,328841055,slippery,51508,304145,0
653,328825333,slippery,127982,304145,0
654,328791463,offset,100763,304145,0
655,328791439,Quavo,93882,304145,0
656,328791421,Young Takeoff,69031,304145,0
657,328791359,Fire nigga,61066,304145,0
658,328782742,offset,120511,304145,0
659,328759727,Lit!,57133,304145,0
660,328735086,ðŸ˜ðŸ˜ðŸ˜ðŸ˜,1277,304145,0
661,328705144,slippery,8008,304145,0
662,328705112,ayeeeeeeeee,8008,304145,0
663,328681595,"Listen to Full Moon (In The City) by EliYahu #np on #SoundCloud
https://soundcloud.com/rawfoodmusic/full-moon",4510,304145,0
664,328677946,Heard ya bitch got that water ðŸ˜‚ðŸ˜‚ðŸ˜‚,22654,304145,0
665,328674786,icey,284342,304145,0
666,328674745,icey,199677,304145,0
667,328658832,This Is To Much Sauce ðŸµ,44854,304145,0
668,328629724,"tater tot, fuck niggas on my radar watch",73900,304145,0
669,328629234,ouuu wavvy,257719,304145,0
670,328626413,FIREEEEEEEEEEEEEEEEEEEEEEEEEEEEEEEEEEEEEEEEEEEEEEEEEEEEEEEEEEEEEEEEEEEEEEEEEEEEEEE,19691,304145,0
671,328624406,ðŸ’§ðŸ’¦,25502,304145,0
672,328622053,butt hole,17378,304145,0
673,328621935,butthole,5482,304145,0
674,328619587,splash,7787,304145,0
675,328619569,that lead in thought,7787,304145,0
676,328596271, SHE IS 100% MILF  https://goo.gl/aLhVux,2147483647,304145,0
677,328594868,issssGUCCIII!!,1714,304145,0
678,328591455,This my shitt...,65981,304145,0
679,328586518,HOTT,32066,304145,0
680,328575091,brrrtt,79053,304145,0
681,328561270,Skrt skrt,37460,304145,0
682,328519692,"I feel like I just have to say something, everytime I listen to this track ðŸ”¥ this shxt is lit y'all. ðŸ”¥ðŸ™Œ",82590,304145,0
683,328517865,https://soundcloud.com/thedash-man/venomous,296912,304145,0
684,328499609,https://soundcloud.com/user-591528062-681410059/develish-prod-monir,160053,304145,0
685,328463005,ice berg ice tray ice tray,64899,304145,0
686,328440724,noice,111680,304145,0
687,328431290,@torylanez2016 straight up. ðŸŒŠ,26340,304145,0
688,328422305,"This girls so nice, bro  https://goo.gl/Bly6xW",2147483647,304145,0
689,328409422, https://soundcloud.com/user-748812727/the-long-road,4266,304145,0
690,328405605,lit,152749,304145,0
691,328392884,@mvjesty: yess siirrr,33909,304145,0
692,328392871,@user-546379970: wave,6920,304145,0
693,328392859,@ryancarol: ey,91477,304145,0
694,328392849,@chopyy-951454089: dope,25859,304145,0
695,328392842,@daily-smoker: wave,47614,304145,0
696,328392835,@user-608846300: you know it,133584,304145,0
697,328392818,@uno-furtado: wave,220802,304145,0
698,328392811,@itz_chris-197339224: dope,82427,304145,0
699,328392804,@iammab: ey,116474,304145,0
700,328392795,@jojo_wavy: eey,194992,304145,0
701,328392784,@youngking_23: sick,137481,304145,0
702,328392776,@youngking_23: wave,106970,304145,0
703,328392768,@namesdevon: sick,61991,304145,0
704,328392761,@anomick_one: wave,167020,304145,0
705,328392758,@unusual_delicacy: dope,245541,304145,0
706,328392753,@icreamsoda: eeyy,39363,304145,0
707,328392743,@broote: YES SIRR,201798,304145,0
708,328392724,@elecxiousyvono: WAVE,26340,304145,0
709,328392708,@john-carlin-541184933: true,162450,304145,0
710,328392690,wave,683,304145,0
711,328392499,cold asf,230102,304145,0
712,328352497,Full Instrumental https://soundcloud.com/user-133346125/migos-slippery-feat-gucci-mane,1269,304145,0
713,328347648,This song if fuckin lit,162450,304145,0
714,328335158,Dope dope dope dopeeee :D,110238,304145,0
715,328324719,shxt... this is dope dead ass. ,26340,304145,0
716,328319644,Fireeee,175686,304145,0
717,328318366,This is dope asf,149238,304145,0
718,328284479,yeah boi,28893,304145,0
719,328273662,gucci is way better then migos. always wil be,201798,304145,0
720,328235946,shkoo shkoo,39363,304145,0
721,328218108,#757 #75Trap #MisunderstoodWood https://soundcloud.com/mansa-musa-wood/sets/misunderstood-wood #Hampton #NewportNews #Norfolk #Portsmouth #Chesapeake #VirginiaBeach #Suffolk,128903,304145,0
722,328214218,this shit goes soooooooooooooooooooo fucking hard,33152,304145,0
723,328204196, Best girls to meet  https://goo.gl/Bly6xW,2147483647,304145,0
724,328199246,ðŸ”‘,245541,304145,0
725,328191009,"This girls so nice, bro  https://goo.gl/Bly6xW",2147483647,304145,0
726,328180753,https://soundcloud.com/1youngk,74147,304145,0
727,328178252,LIT AF,167020,304145,0
728,328174051,Hot,950,304145,0
729,328170631,WHiP!,61991,304145,0
730,328143883,ass,50876,304145,0
731,328136828,holy fuck,154971,304145,0
732,328128022,ayy,235882,304145,0
733,328126903,ðŸ”¥ðŸ”¥ðŸ”¥ðŸ”¥,106970,304145,0
734,328126883,ðŸ”¥ðŸ”¥ðŸ”¥ðŸ”¥,137481,304145,0
735,328125901,ðŸ”ŠðŸ”Š,124680,304145,0
736,328125275,ðŸŒ¡ðŸ”¥,137481,304145,0
737,328108424,flames!,194992,304145,0
738,328090794,aaaaye,42451,304145,0
739,328087020,wop,228340,304145,0
740,328082465,so far my favorite song on the album.... i only listened full through one time tho,116474,304145,0
741,328082463,&gt;&gt;IM BLOWING UP CHECK ME OUT!&lt;&lt;,4440,304145,0
742,328071359,GUCCCCCIIIIIIII,212929,304145,0
743,328070989,My weiner is stinky,2809,304145,0
744,328065331,@itz_chris-197339224: Fukin rite,53877,304145,0
745,328053686,They dont kno I keep a glock. ITS LIT!!,258161,304145,0
746,328038146,ITS LIT,82427,304145,0
747,328038126,FUCKIGN LIT,53877,304145,0
748,328038105,@itz_chris-197339224: YA,53877,304145,0
749,328038061,SHIT FUCKIN LIT,53877,304145,0
750,328026065,Everyone FOLLOW ME and I'll FOLLOW BACK,272151,304145,0
751,328014034,lit,117492,304145,0
752,328010086,Bring me in I make beats Migos,184320,304145,0
753,328009505,clip please!,220802,304145,0
754,328007076,ðŸ”¥ðŸ”¥ðŸ”¥ðŸ”¥ðŸ”¥,245959,304145,0
755,327999659,splash.. drip drip.. SPLASH ðŸ˜‚ bruhh,19286,304145,0
756,327997344,fire,133584,304145,0
757,327980354,Lit!,47614,304145,0
758,327973127,follow me for fire,25859,304145,0
759,327970861,thats lit as fuck!,40149,304145,0
760,327969495,tater tott fuck niggas on my radar,42679,304145,0
761,327965963,ice,91477,304145,0
762,327965398,love the vision on this album on REPEAT ,37268,304145,0
763,327965142,ðŸ”¥ðŸ”¥ðŸ”¥ðŸ”¥ðŸ”¥ðŸ”¥ðŸ¤˜,6920,304145,0
764,327961687,LGI!,33909,304145,0
765,327961667,FIRE,54958,304145,0
